ID,Title,Location,Salary,Summary
https://kr.indeed.com/viewjob?jk=403c866fc5f43cc3,DGIST 미래자동차융합연구센터 계약직 연구원 공개 초빙 공고,대구경북과학기술원 대구 현풍면,,"Dataset구축기술(Annotation Tool 개발 등) 우대 사항 - S/W개발능력, C,C++, Python, Linux환경 능숙자 - 자율주행 및 ADAS관련 프로젝트 참여경력자 - Open Framework..."
https://kr.indeed.com/viewjob?jk=78e99625e5de3c95,전문연구요원 (병역특례) 수시 (AI / HW 분야),딥엑스 성남 분당구,"연봉 40,000,000원 - 100,000,000원","모델의 RTL IP 설계 및 IP 검증 가능자 - Language: Python/Perl, C/C++ [우대 조건] - ARM based SoC 설계... Linux, shell, tcl, python, perl 사용 원활..."
https://kr.indeed.com/viewjob?jk=c1e7f169dffbff62,(주)엘솔루 R&D본부 ASR팀 개발직,㈜엘솔루 서울,,"제공 [필수사항] ㆍ프로그래밍에 재능 및 열정이 있는 자 ㆍJava, Python 중 하나 이상의 언어사용자 ㆍWeb 개발능력 ㆍ리눅스 사용 경험자... 머신러닝(ML)|인터넷·IT·통신·모바일·게임>응용프로그래머> Python"
https://kr.indeed.com/viewjob?jk=be6c1f03fa566f8e,추천 시스템 연구/개발,카카오 4.0 성남 판교역,,"지원자격 개발 경력 3년 이상 적어도 하나 이상의 능숙한 프로그래밍 언어가 있으신 분 우대사항 Python, C++, GPU 프로그래밍 숙련자 TensorFlow, PyTorch, implicit 등 머신러닝/추천..."
https://kr.indeed.com/viewjob?jk=68486bb7da29a05b,Application Engineer Consultant - HAV,Mentor Graphics (Korea) LLC 4.0 경기도 성남,,"Proficient in scripting languages used today. (e.g., Perl, Python, various shell scripts/Makefiles, XML, JSON, etc.) Good..."
https://kr.indeed.com/viewjob?jk=e393fa440b668be7,Data Analyst,Toss 서울 강남구,,"소지하신 분 혹은 경험이 풍부하신 분 - Data Warehouse 구축 지식이나 경험이 있으신 분 - Python, R, Spark 등 언어 및 데이터 프로세싱 프레임워크에 대한 이해도가 높은 분 - 필요한 데이터를 스스로..."
https://kr.indeed.com/viewjob?jk=bc4c4f6e75fc8a77,(주)쓰리에치솔루션 부문별 신입/경력 직원,쓰리에치솔루션 청주 흥덕구,,요건] 인공지능 관련 과목을 이수하여 논문을 이해하고 구현이 가능한자 Python 프로그래밍 가능자 Tensorflow / Pytorch 이용한 프로... hyperledger 경험자 Python이나 Node.js를 이용한 WEB...
https://kr.indeed.com/viewjob?jk=7c19ff88836f8869,고등광기술연구소 전문연구요원,광주과학기술원 광주 북구,,"고출력 펄스형/극초단 광섬유 레이저, 레이저/고암섬유 레이저, 레이저 인공지능 융합연구, matlab/ python/ FPGA / Raspberry Pi 등 (경험자 우대) 우대사항 ① 국가보훈대상자(취업보호대상자) 및..."
https://kr.indeed.com/viewjob?jk=e102ecd63f16bc51,[유명 신용카드사] DW 개발 및 운영 (과장급),제이앤피에이치알컨설팅 서울,,"Presto 등 Hadoop Ecosystem의 이해 필요 - JAVA, Python 개발 경험자 - 프레임워크 외 오픈소스 도입 등의 유연한 사고... 인터넷·IT·통신·모바일·게임>빅데이터·AI(인공지능)> Python"
https://kr.indeed.com/viewjob?jk=28b676c81d7ef247,OPC Applications Engineer,Synopsys 경기도 성남,,"skills, including Windows, Linux, scripting (e.g. TCL, Python, Perl) and programming skills. Experience with MATLAB or TCL..."
https://kr.indeed.com/viewjob?jk=e631d46f39019d13,각 분야별 인재 Pool 등록,지투알 서울,,"자 - 데이터 분석 툴(Adobe Analytics 또는 Google Analytics) 유경험자 우대 - Python, R, SQL 역량 보유자 우대 - 데이터에 기반한 문제해결 능력 및 통계학적 지식 보유자 우대 업무내용..."
https://kr.indeed.com/viewjob?jk=fe70e0dc6af141b8,경영전략/Data Scientist 경력인재 - 글로벌 우량대기업,에스에프인촌 서울,,업무 유경험자 (1) 데이터 분석/모델링 수행업무 유경험자 - R/ Python/SAS 등의 분석 Tool을 활용하여 정형/비정형 데이터 분석 수행... 게임>빅데이터·AI(인공지능)> Python|인터넷·IT·통신·모바일·게임...
https://kr.indeed.com/viewjob?jk=96688eea9c1a9e28,Security Engineer (취약점 분석),Toss 서울 강남구,,"# 자격 요건 - 모의해킹 및 취약점 점검 경력이 있는 분 - 소스 코드 정적 취약점 점검에 능숙한 분 - Python, C, C++, JAVA 중 프로그래밍 언어에 능숙한 분 # 우대 사항 - 국내 또는 국외 버그 바운티..."
https://kr.indeed.com/viewjob?jk=2459b164bb22d0f4,DGIST 미래자동차융합연구센터 계약직 연구원 및 박사후연수연구원 공개...,대구경북과학기술원 대구 현풍면,,"사항 - S/W개발능력, C,C++, Python,Matlab 등 능숙자... Software 개발 우대 사항 - S/W개발능력, C,C++, Python, Linux환경 능숙자 - 자율주행 및 ADAS관련 프로젝트 참여경..."
https://kr.indeed.com/viewjob?jk=aac8e9355cb855ac,[인재풀] 아티스트,Electronic Arts 서울,,Maya or 3D Max등의 아트웍 툴 사용 경험 Max script 또는 Mel Script의 사용 경험 C# 또는 Python 언어에 대한 이해 및 활용 능력 아트웍 관련 툴 제작 또는 플러그인 제작 경험
https://kr.indeed.com/viewjob?jk=d748c217f78dbd58,DBA 엔지니어,쏘카 대한민국,,"시계열 데이터베이스(InfluxDB) 구축 및 운영 경험이 있으신 분 • 자동화를 위한 스크립트(Shell, Python, Ansible) 지식을 보유하신 분 • 새로운 기술 도입에 대한 오픈 마인드를 갖고 계신 분 전형절차..."
https://kr.indeed.com/viewjob?jk=52eb328c47ef1e84,AI / Big Data Research - 산업용 인공지능 연구자,몬드리안에이아이 인천 연수구,,"이력서 등록하기 지원양식 커리어 온라인 이력서 직무/산업 직무별(직종) 인공지능(AI).빅데이터인공지능(AI), 빅데이터, 머신러닝, DataAnalysis, Python 산업별(업종) 솔루션.ASP.소프트웨어 소프트웨어개발"
https://kr.indeed.com/viewjob?jk=46975ee759c13b8a,데이터 분석/처리 플랫폼 개발,NHN 4.4 성남 판교역,,"데이터 수집, 처리 및 지표 분석 경험 - 데이터 기반의 문제해결 역량 및 논리적 사고 - Java, Python, Scala 중 최소 1가지 언어를 이용한 데이터 분석 및 소프트웨어 개발 역량 - 통계분석..."
https://kr.indeed.com/viewjob?jk=6b65e8aeb42661de,블록체인 노드 DevOps(구축 및 운영) 담당자 (경력),네오위즈 대한민국,,Linux 시스템을 구축 및 운영해 본 경험이 있는 분 - 인프라 관리 업무 자동화를 할 수 있는 분 ( Python or Go) ㄴ 또는 Shell Script(Bash or Perl script) 작성이 가능한 분...
https://kr.indeed.com/viewjob?jk=1748baa27965fdbf,"MVP 개발 엔지니어(서버, 웹프론트) (정규직, 계약직, 프리랜서)",더테스터 대전 중구,,1년 이상의 서버 개발 경험 · 아래 옵션 중 하나의 기술 스택 사용 - JAVA기반의 Spring - Python 기반의 Django - Ruby 기반의 Rails 우대사항 · 팀단위로 프로젝트를 수주해본 적 있는...
https://kr.indeed.com/viewjob?jk=5fabc892216e1c62,Business Data Analyst,PUBG 서울,,"analytics... digital, consumer facing company • Knowledge of Python and Spark • Experience with large individual customer..."
https://kr.indeed.com/viewjob?jk=7d4bc2a107c6669b,Customer Engineer,Microsoft 4.2 서울,,least 5 years welcome experience in model development using python or R. Experience in migrating from one database to another...
https://kr.indeed.com/viewjob?jk=b4c6146c52b4dc2b,(주)테라젠바이오 데이터과제팀 계약직,테라젠바이오 수원 영통구,,"등 한 가지 이상의 Back-end Framework 경험 - Git 등의 협업 툴 사용 우대사항: - Python 사용 경험 - Linux 숙련자 - 컨테이너(Docker, k8s), 클라우드 경험 0 명 근무조건 고용형태..."
https://kr.indeed.com/viewjob?jk=f19b8cb8881146ea,DGIST-ETH 마이크로로봇연구센터 계약직 연구원 공개 초빙 공고,대구경북과학기술원 대구 현풍면,,"으신 분 우대 MATLAB, Python 등을 사용한 기본적인 프로그래... ANSYS 등) 모델 개발 우대 사항 MATLAB, Python 등을 사용한 기본적인 프로그래밍 경 험자 우대 Fluorescence..."
https://kr.indeed.com/viewjob?jk=d8a8869ab092f731,데이터 엔지니어 및 사이언티스트,카카오 4.0 성남 판교역,,"등 데이터 엔지니어와 사이언티스트의 업무를 경계 없이 수행하게 됩니다. 지원자격 개발 경력 3년 이상 Python, Scala, Java, C++ 중 하나 이상의 언어에 능통 SQL 또는 HiveQL에 능통 대용량 데이..."
https://kr.indeed.com/viewjob?jk=210243e0776dc26f,Data Engineer(신입),PUBG 서울,,"해외 여행에 결격사유가 없고, 한국어 의사소통이 원활하신 분 - 서초 Office 출근이 가능하신 분 - python으로 프로그래밍이 가능하신 분 [우대 사항] - 퍼블릭 클라우드 서비스에서 개발하고 운영 하는 것에 관심..."
https://kr.indeed.com/viewjob?jk=09dc6e4abecbd481,인공지능 교육 컨텐츠 제작자,에이쳐 용인 처인구,,교육컨텐츠 제작 [필요사항] - 학사 이상 - 인공지능 관련 기술에 대한 관심 또는 경험 [우대사항] - Python / Tensorflow / C / C++ / HTML5 / CSS / Java / Javascript 등...
https://kr.indeed.com/viewjob?jk=241ae1e7499c461c,Security Engineer (모의해킹/취약점 점검),Toss 서울 강남구,,"그바운트 경험이 있는 분 - 해킹대회 우승 경력이 있는 분 - 다양한 플랫폼 보안 진단 경험이 있는 분 - Python, C, C++, C#, JAVA 중 프로그래밍 언어에 능숙 하신 분 # 현업 인터뷰 - 결제 산업의 미래..."
https://kr.indeed.com/viewjob?jk=e61c9e2f3acea4ad,[이마트] 이마트 Data Engineer 경력직 모집,신세계 4.5 대한민국,,"ㆍ빅데이터 인프라 구축 및 운영(AWS, GCP 인프라 운영 및 모니터링) 자격요건 ㆍ학사 이상 ㆍ Python/Java/Go 중 하나이상의 언어에 능숙한 분 ㆍ해당 경력 2년차 이상 또는 이에 상응하는 업무 능력 보유..."
https://kr.indeed.com/viewjob?jk=3d9767102d05d20c,에이테크 함께할 R&D연구원(석사),에이테크 울산 중구,,"- 기본 데이터를 사용하기 위한 프로그램 사용 가능자 ( Python, C++, Tensorflow, Keras, OpenCV 등 실무 이해 가능자) - 머신러닝/딥러닝에 대한 폭넓은 기본지식 보유자 (데이터 분석 및 모델링 능력..."
https://kr.indeed.com/viewjob?jk=b5d0fb51bc768703,Deep Learning Systems Research Engineer...,Qualcomm Korea YH 서울,,"PyTorch, TensorFlow... Good programming skills in Python/C/C++ - Good communication and presentation skills Preferred..."
https://kr.indeed.com/viewjob?jk=2695294aea6dc3b6,MongoDB Engineer 모집,카카오 4.0 성남 판교역,,수 있는 분 Linux/Network에 대한 기초 지식이 있는 분 우대 사항 C/C++ 또는 Python 언어를 이용한 프로그램 개발(프로젝트) 경험이 있는 분 MongoDB 트러블 슈팅 경험이 있는 분 MongoDB...
https://kr.indeed.com/viewjob?jk=4ec305f59ce64060,게임이상탐지 분석/개발,Nexon 성남 분당구,,"기법 적용에 필요한 프로그래밍 능력 ( Python) - SQL 활용 능력... 대시보드 개발 능력 솔루션 개발자 - 한 가지 이상의 개발 언어( Python, Java, Scala)에 숙련된 프로그래밍 능력 - Linux..."
https://kr.indeed.com/viewjob?jk=9dad04b0ae0c86d7,시스템 엔지니어,아프리카TV 경기도 성남,,"도입 및 개발/운영 [자격요건] - 리눅스/윈도우에 대한 이해도가 높고 지금도 노력중이신 분 - python 포함 프로그래밍을 즐거워 하시는 분 [우대사항] - docker, Kuvernetes 인프라 구축/운영..."
https://kr.indeed.com/viewjob?jk=f964e99e6b8e39e1,"웹, 앱 플랫폼 개발자 신입/경력 계약직",㈜AI4Blockchain 안산 상록구,"연봉 21,870,000원 - 25,000,000원",게임>웹프로그래머>웹개발|인터넷·IT·통신·모바일·게임>소프트웨어·하드웨어>소프트웨어|인터넷·IT·통신·모바일·게임>빅데이터·AI(인공지능)>인공지능(AI)|인터넷·IT·통신·모바일·게임>빅데이터·AI(인공지능)> Python
https://kr.indeed.com/viewjob?jk=7af6301dc691d3ab,Data Scientist,Toss 서울 강남구,,"실무 경험 5년 이상 갖추신 분 - 실제 서비스 데이터를 이용한 분석모델 개발 경험이 있으신 분 - R, Python, Scala, SQL 등 데이터 분석의 업무를 수행할 수 있는 하나 이상의 개발 언어에 능숙하신 분 #..."
https://kr.indeed.com/viewjob?jk=b2661d357cf26c8f,플랫폼쉴드 시스템 개발,Nexon 성남 분당구,,"IP, 평판 등의 정보) 지원자격 - 전체 개발 경력 3~5년 - Python, Go 개발경력 우대(팀 내부 주 개발 언어가 Go, Python) - 비동기, 병렬처리 프로그래밍 기술 - OS, DB, H/W, 네트워..."
https://kr.indeed.com/viewjob?jk=8af26b37623864c4,8퍼센트 개발자 (신입/경력),8퍼센트 서울 종로구,,개발 금융 데이터 분석과 분석 플랫폼 운영 자격요건 컴퓨터 전공자 또는 웹 개발 경력 1년 이상 우대사항 Python 코드를 무리 없이 읽으실 수 있는 분 Linux/Mac 사용 가능한 분 새로운 기술에 대한 호기심을 가지신...
https://kr.indeed.com/viewjob?jk=5cb14c0712a6c4c1,시스템 엔지니어링,NHN 4.4 성남 판교역,,"Windows OS 스킬 보유 및 X86 서버 운영 경험 보유 - 기본적인 운영도구 개발 가능자 * Python, Django, JAVA - 웹 서비스 또는 플랫폼 개발 경력 보유자 - OpenStack 기반의..."
https://kr.indeed.com/viewjob?jk=85687b250386c4be,qe 소프트웨어 엔지니어,에이치알 코리아 대한민국,,"process improvements • Strong scripting experience with Python, Shell Scripts, Ruby, etc. • Ability to code competently..."
https://kr.indeed.com/viewjob?jk=741cc6ac364ea9be,Internal Infra Engineer,Toss 서울 강남구,,분 # 우대 사항 - Nutanix/VMWare 구축 운영 경험이 있으신 분 - Powershell 또는 Python 등을 사용한 시스템 관리 자동화 경험이 있으신 분 - 100명 이상 규모의 L3/L4 네트워크 관리 또는...
https://kr.indeed.com/viewjob?jk=e27c921dfbf357ac,네이버 클라우드 플랫폼 기술지원,NIT Service 성남 삼평동,,"클라우드 서비스 운영 경험 (AWS, Azure, KT Cloud 등) - Shell Script, Python 활용 가능 - 국가보훈대상자 및 장애인은 법령에 의거 우대 (※입사지원 시 보훈/장애사항 체크 필수..."
https://kr.indeed.com/viewjob?jk=5a728bed516104a3,[대기업] 시스템 개발 경력 (Rest API 개발 등),에이치알 컨설팅 대한민국,,"라우저 개발 경험 (JavaScript, jQuery, Angular, Vue 등 ) -. 서버 개발 경험 ( Python, Node 등 ), 데이터베이스 개발 경험 (Oracle, SQLite, MongoDB 등 ), Git..."
https://kr.indeed.com/viewjob?jk=2b2dcd3ffe3d53df,카카오 데이터의 가치를 발굴할 데이터 분석가 모집,카카오 4.0 성남 판교역,,"기술 통계량 이해 및 해석) 데이터 분석 업무를 수행할 수 있는 언어 스킬 필수 SQL 필수 R 또는 Python을 다룰 수 있는 분 (SAS, SPSS, GA, tableau 등 통계 툴만 사용 가능한 경우 제외) 하둡..."
https://kr.indeed.com/viewjob?jk=ffac42e32db26233,Lead Product Engineer - Liberate,Cadence Design Systems 경기도,,"problems and propose solution Automation skills using Tcl, Python, Perl and shell scripting Bachelor/Master in EE with 5+..."
https://kr.indeed.com/viewjob?jk=969d5d92ff231296,[대기업 통신사] 데이터 사이언티스트 초빙,TrueHR 서울 용산구,,"모델링 Tool(R, SAS, Python 등) 석사 출신 우대 ADP... Google Analytics), 분석, 모델링 Tool(R, SAS, Python 등) 석사 출신 우대 ADP 소유자 우대 0 명 근무조건 고용형태..."
https://kr.indeed.com/viewjob?jk=86940003c157ab95,[정보보안] 보안기반 분석 개발 담당자 모집,엔씨소프트 2.7 성남 판교역,,"이기종 보안시스템의 운영업무 자동화 개발 지원자격 학력 : 무관 경력기간 : 2년 ~ 10년 필수조건 - Python 프로그래밍 언어로 개발이 가능하며, 오픈소스를 활용한 개발이 가능한 분 - 보안솔루션의 동작 원리와 연동..."
https://kr.indeed.com/viewjob?jk=f60d5b0a64651b6e,(주)엘솔루 웹 개발자,㈜엘솔루 서울,,Javascript / React / Python / NodeJS 개발... Stack 개발 유경험자 ㆍJavascript / React / Python / NodeJS 개발 유경험자 ㆍHTML 5 개발 가능자(필수) 1명...
https://kr.indeed.com/viewjob?jk=c18e6a77fd6894b7,NICLAB과 함께 성장할 금융인공지능 연구개발 팀원,닉컴퍼니 서울 영등포구,,"록하기 지원양식 커리어 온라인 이력서 직무/산업 직무별(직종) 웹프로그래머웹프로그래머, JSP, JAVA, Python 응용프로그래머응용프로그래머, C, C++, Java 산업별(업종) 솔루션.ASP.소프트웨어 소프트웨어개발"
https://kr.indeed.com/viewjob?jk=f258bcb2c6f24dc9,[빅데이터분석] 데이터 사업 기획 및 운영 담당자,한국카카오은행 성남 분당구,,"또는 머신러닝 관련 내용을 이해할 수 있는 분 · 적극적이고 원만한 커뮤니케이션이 가능한 분 우대사항 · Python, Java, Scala 등 프로그래밍 언어 사용 경험이 있는 분 · 전산/수학/통계 또는 관련 분야 학사..."
https://kr.indeed.com/viewjob?jk=8fd83c6a728843c0,Data Scientist/Data Engineering 경력사원 공고,LG전자 3.8 서울특별시,,"Text Analytics, 머신러닝/딥러닝 알고리즘 ② 데이터 추출, 가공, 정제 : 상용 ETL 솔루션, Python/R 등을 활용한 데이터 전/후처리 ③ Business Intelligence 시스템 구축 ④ 퍼블릭..."
https://kr.indeed.com/viewjob?jk=5d4ef5faadd96b30,"[대성] 개발자 채용 | 앱개발,Java,Python,objective",대성 관심기업 대한민국,,근무조건 지원자격 우대조건 기업정보 상세보기
https://kr.indeed.com/viewjob?jk=d29856ba80e4bc98,[누구랑 라라랑] (주)라라와 함께할 웹프로그래머,라라 부산,"월급 2,000,000원",mHTML|인터넷·IT·통신·모바일·게임>웹프로그래머>JAVA|인터넷·IT·통신·모바일·게임>웹프로그래머> Python|인터넷·IT·통신·모바일·게임>웹프로그래머>HDML|인터넷·IT·통신·모바일·게임>웹프로그래머>웹개발
https://kr.indeed.com/viewjob?jk=55584c627df1acaa,데이터 분석가/사이언티스트(신입/인턴 가능),쏘카 대한민국,,"Sheet) 등 데이터 분석 도구를 원활히 다루시거나, 앞으로 원활히 다루고자 하는 의지가 높으신 분 • Python, R 등의 프로그래밍 언어 혹은 데이터 분석 언어를 1개 이상 능숙하게 사용 가능하신 분 전형절차 서류..."
https://kr.indeed.com/viewjob?jk=31c20e6695f301ee,2021년 2월 경력사원 (Battery연구소),LG에너지솔루션 대전 유성구,,"프로그래밍 언어(Matlab, python, C, Fortran 등... 산과학 분야 석사 학위 이상 우대사항 - 전지소재분석/연구 경험 - Python 코딩/Database 구축/ 리눅스 서버 관리 경험 Modular..."
https://kr.indeed.com/viewjob?jk=7747cb66f47189c1,와이에스지(스타트업)에서 웹 개발자,와이에스지 대한민국,"월급 2,000,000원 - 2,200,000원","무관 기타 담당업무 세종 청사 근처에 위치한 정부지원사업 선정 스타트업입니다. 서버 back : AWS, Python , Django , sqlite 웹 프론트 : html ,css javascript, jquery 중 몇가..."
https://kr.indeed.com/viewjob?jk=dfb20fa220f3c478,"빅데이터, 인공지능(AI) 외 신입/경력 인턴",스칼라웍스 대한민국,,인공지능)>인공지능(AI)|인터넷·IT·통신·모바일·게임>빅데이터·AI(인공지능)>데이터분석|인터넷·IT·통신·모바일·게임>빅데이터·AI(인공지능)> Python|인터넷·IT·통신·모바일·게임>빅데이터·AI(인공지능)>딥러닝
https://kr.indeed.com/viewjob?jk=0790eddd585a5389,"자바모바일 실무개발자, 네트워크보안전문가",아이티윌 부산교육센터 부산 부산진구,,있습니다. 인터넷·IT·통신·모바일·게임>웹프로그래머>JAVA|인터넷·IT·통신·모바일·게임>웹프로그래머> Python|인터넷·IT·통신·모바일·게임>네트워크·서버·보안>시스템·네트워크보안|인터넷·IT·통신·모바일·게임>네트워...
https://kr.indeed.com/viewjob?jk=05aa5498d84c58e1,데이터 엔지니어(신입/경력),쏘카 대한민국,,"있는 분 • 데이터 분석팀 및 유관 부서와의 원활한 소통을 위한 기본적인 쿼리 작성 능력을 갖춘 분 • Python 또는 Java, Scala, C++, C# 등의 언어를 최소 1개 이상 능숙하게 사용할 수 있는 분 • 대용..."
https://kr.indeed.com/viewjob?jk=8d018b3956bbea98,2021년(주)쎄트렉아이 상반기 각 부문 신입/경력직,쎄트렉아이 대전 유성구,,"프로그래밍 툴 (Matlab, Python 등) 유경험자 - 광학 측정... 관련 개발 경력 자격요건 - 언어: C++, Python - VCS: GIT - C++ or Python 개발 경력 3년 이상 - openMP 개발..."
https://kr.indeed.com/viewjob?jk=c5c5dd8fb971d95f,소만사 2021년 각 부문 신입/경력,소만사 서울 영등포구,,게임>빅데이터·AI(인공지능)> Python|인터넷·IT·통신·모바일·게임... 응용프로그래머>JAVA|인터넷·IT·통신·모바일·게임>응용프로그래머> Python|인터넷·IT·통신·모바일·게임>응용프로그래머>Windows|인터넷...
https://kr.indeed.com/viewjob?jk=668a66da41da83d3,2021년도 국가정보원 연계형 인턴 선발,국가정보원 서울 서초구,,C·C++|인터넷·IT·통신·모바일·게임>응용프로그래머> Python|교육·교사·강사·교직원>IT·문화·직업강사>프로그래밍|인터넷·IT·통신·모바일·게임>웹프로그래머> Python|인터넷·IT·통신·모바일·게임>통신·모바일>보안...
https://kr.indeed.com/viewjob?jk=3c281c47996e7b20,2021년도 BNK시스템 경력직원,BNK시스템 부산 강서구,,"처리 (경력직, 정규직) ○명 [필수사항] • 관련 경력 3년 이상 • ETL 관련 설계/개발 경험자 • Python, R 개발 경험자 • 데이터 분석 시스템 구축 운영 경험자 • 정보처리기사 자격증 소지자 [우대사항..."
https://kr.indeed.com/viewjob?jk=b69f6c139efeb09d,2021년도 국토안전관리원 제기간제 근로자변경,국토안전관리원 경기도,,"토목/건축) - 국토교통부 소관 연구개발사업 유경험자, 건설안전 데이터분석 경험자, 프로그램 언어(JAVA, Python 등) 사용 가능자 행정A - 계약업무(물품및용역 등) 유경력자 - 공공기관, 지자체 계약업무 유경력자..."
https://kr.indeed.com/viewjob?jk=106e2372b51da4be,[이마트] 이마트 Data Scientist 경력직 모집,신세계 4.5 대한민국,,Personalization 모델 고도화 개발 자격요건 ㆍ학사 이상 ㆍML/AI에 대한 이해와 활용능력 보유 ㆍ Python/R/Spark 기반 모델링 개발 경험 ㆍ중급이상 SQL skill 우대사항 ㆍ대고객 기반...
https://kr.indeed.com/viewjob?jk=cd40cf786e32f325,사내 및 서비스 보안 담당자 (경력),네오위즈 대한민국,,"GuardDuty, WAF, VPC Flow Logs 분석 등)이 있으신 분 - 각종 스크립트 언어(Perl, Python, shell script 등)의 활용 능력을 가진 분 - 모바일 게임 앱에 대한 보안 검수 경험이..."
https://kr.indeed.com/viewjob?jk=50aa4b6751f0086e,대구기계부품연구원 인력,대구기계부품연구원 대구 달서구,,"박사 학위 소지자 (기계, 전기전자, 컴퓨터 등 공학계열) - 관련 업무 유경험자 - 프로그래밍 가능자 ( Python, Matlab, C언어 등) 계 약 직 행 정 지 원 행 정 1 - - 운전 업무 - 총무 업무 지원..."
https://kr.indeed.com/viewjob?jk=efb69a29d8bd7514,2021년 IITP 주관 글로벌핵심인재양성 지원사업,정보통신기획평가원 대전 유성구,,인공지능)>빅데이터|인터넷·IT·통신·모바일·게임>빅데이터·AI(인공지능)>인공지능(AI)|인터넷·IT·통신·모바일·게임>빅데이터·AI(인공지능)> Python|인터넷·IT·통신·모바일·게임>빅데이터·AI(인공지능)>데이터분석
https://kr.indeed.com/viewjob?jk=f565607a390f8b13,[헥스콘] 2021년 상반기 백엔드 서버 개발자,헥스콘 창원 의창구,"연봉 32,000,000원 - 34,000,000원","기술스택] 1) 사용언어 : Java, Kotlin, C++, HTML, CSS, Swift, Object-C, Python, Php, Node.js 2) 사용DB : MySQL, MSSQL, Maria DB, Oracle..."
https://kr.indeed.com/viewjob?jk=89f3e10d77a126bf,Field Service Engineer,Nearfield Instruments 대한민국,,"troubleshooting. Preferably to have coding capability (Matlab, Python...etc... data analysis, visualization, and algorithm..."
https://kr.indeed.com/viewjob?jk=4adac8923476d038,프랭클린템플턴투신운용 Junior Trader (Quant base 필수...,프랭클린템플턴투신 대한민국,,"object-oriented programming and intermediate programming proficiency in Python, R or MATLAB, and SQL are essential. Licenses..."
https://kr.indeed.com/viewjob?jk=144c42a3c09caa9b,파이썬 신입 개발자 (정규직),쇼엠 인천 연수구,,실이 있을 경우 채용이 취소될 수 있습니다. 인터넷·IT·통신·모바일·게임>웹프로그래머> Python|인터넷·IT·통신·모바일·게임>응용프로그래머> Python|인터넷·IT·통신·모바일·게임>빅데이터·AI(인공지능)> Python
https://kr.indeed.com/viewjob?jk=7dbaa95d22eacd29,"웹개발, 백엔드 외 경력 정규직",아이티엔제이 울산 남구,"연봉 40,000,000원 - 50,000,000원","경력(4년 이상 ) 학력사항: 대학교(4년)졸업 이상 직무기술: 웹프로그래밍, 응용프로그램개발, JAVA, PYTHON 기타: ㆍ다양한 업무를 신속하게 이해하고 도식화 할 수 있는 분 ㆍ고객의 소리를 듣는 귀가 지혜 있는..."
https://kr.indeed.com/viewjob?jk=54e0d08c99dcf507,MI(Market Intelligence)담당 마케팅 전략 경력사원,LG전자 3.8 서울 영등포구,,"마케팅 전략/방향성 도출 경험 보유 4) 우대 사항 - 통계 분석 및 프로그래밍 언어 역량 보유: R, python, Java, SPSS, Tableau, etc. - 영어 능통 역량: 해외법인과 영어 화상 회의 및 현지..."
https://kr.indeed.com/viewjob?jk=4b3017286dd4fc26,"빅데이터 전문가, 클라우드 분야 IT 전문가 취업교육",한국기술교육직업전문학교 부산 동래구,,게임>빅데이터·AI(인공지능)> Python|인터넷·IT·통신·모바일·게임... 로그래머>머신러닝(ML)|인터넷·IT·통신·모바일·게임>응용프로그래머> Python|인터넷·IT·통신·모바일·게임>응용프로그래머>증강현실(AR)|인터넷...
https://kr.indeed.com/viewjob?jk=8dff939e6fd66f17,[고경력자의 경우 시간 단축] (주)라라와 함께할 개발자,라라 부산 수영구,"월급 2,000,000원",인터넷·IT·통신·모바일·게임>응용프로그래머> Python|인터넷·IT·통신·모바일·게임>웹프로그래머> Python
https://kr.indeed.com/viewjob?jk=ab38178e6071aa0f,"Engr, Apps Dev 2",KLA-Tencor 대한민국,,"working effectively with different cultures. Matlab/ Python experience is a plus. We offer a competitive, family friendly..."
https://kr.indeed.com/viewjob?jk=da5d4dd560fb6f85,Data Scientist,Garrett Advancing Motion 경기도,,"System/Data Integration • High level programming skills ( Python, R, Matlab, C++ or Java) • Machine Learning Algorithms..."
https://kr.indeed.com/viewjob?jk=233bbfd9781e846d,"Engr, Tech Supp 3",KLA-Tencor 대한민국,,background Excel macro/code development for log analysis Python Database development for production Open to NCG (New College...
https://kr.indeed.com/viewjob?jk=6ac2f6c2b56e657e,경영지원본부 전산팀(IT) 경력사원,디비자산운용 대한민국,,"및 네트워크 유지보수 가능자 4. 우대사항 - 전산 / 금융 관련 자격증 보유자 우대 - Oracle, Python, Java, Powerbuilder 프로그래밍 가능자 우대 - 운용사 / 사무관리사 / 증권사 등에서 관련..."
https://kr.indeed.com/viewjob?jk=2adee76aff2a0781,(주)푸드머스 고객 데이터분석/기획 경력채용,풀무원 3.3 서울특별시,,"및 운영 3) 상품/서비스 만족도 조사 실행 및 분석을 통한 개선사항 도출 4) 다양한 Tool(R, Python 등)을 활용한 데이터 분석 등 필요역량 및 지원자격 학력: 학사 이상 경력: 고객 데이터 분석 및..."
https://kr.indeed.com/viewjob?jk=3903a7bb4eefe576,와이에스지(스타트업) 웹 개발자,와이에스지 세종특별자치시,"월급 2,000,000원","[직무내용] 세종 청사 근처에 위치한 정부지원사업 선정 스타트업입니다. 서버 back : AWS, Python , Django , sqlite 웹 프론트 : html ,css javascript, jquery 중 몇가지 사용가..."
https://kr.indeed.com/viewjob?jk=6caa4bcc7a2e042c,[헥스콘] 2021년 상반기 웹 및 모바일앱 UX/UI 디자이너,헥스콘 창원 의창구,"연봉 24,000,000원 - 26,000,000원","기술스택] 1) 사용언어 : Java, Kotlin, C++, HTML, CSS, Swift, Object-C, Python, Php, Node.js 2) 사용DB : MySQL, MSSQL, Maria DB, Oracle..."
https://kr.indeed.com/viewjob?jk=f3fcf50f5f932511,(주)바이오니아 2021년도 바이오인포메틱스 부문,바이오니아 대전 대덕구,,"자격요건] -. Bioinformatics 및 관련 분야 전공 -. 생물정보 분석 경험자 및 프로그래밍 가능자( python, perl, R, Java, c++) -. 생물학 관련 DB 활용 가능자(NCBI, Ensembl..."
https://kr.indeed.com/viewjob?jk=c19bec245c6f1815,[한국자산평가] 인턴,한국자산평가 서울 종로구,"월급 2,000,000원","인턴 경험자 → C, JAVA, Python, SQL 사용 가능자 * 공통... 용프로그래머>자바스크립트|인터넷·IT·통신·모바일·게임>응용프로그래머> Python|인터넷·IT·통신·모바일·게임>데이터베이스·DBA>MS-SQL|인터..."
https://kr.indeed.com/viewjob?jk=9fe4755841bec8ce,"데이터 분석 및 컨설팅 분야 (Python, SAS, 빅데이터) 경력직",한국정보기술단 과천 과천시,,"데이터 분석 및 컨설팅 분야 ( Python, SAS, 빅데이터) 경력직... 대졸 이상 (학사 이상 우대) - 데이터 분석 분야 경력 2년 이상 ( Python, R, SAS 기반의 DATA Preparation, 통계, 머신러..."
https://kr.indeed.com/viewjob?jk=44c01463235ebade,[전문연구요원] 빅데이터 엔지니어(신입/경력),웹젠 성남 분당구,,통합 과정 수료자 포함)로서 전문연구요원 신규편입/전직 대상인 분 - Python 또는 C# 프로그래밍 능력을 보유한 분 - Linux 환경에서 개발... 요원 신규편입/전직 대상인 분 - Python 또는 C# 프로그래밍 능력을...
https://kr.indeed.com/viewjob?jk=0d207415a075d21c,Data Scientist (KOREA),No Deviation Pte Ltd 충청북도 청주,,"data visualization - Experience using tools... SAS JMP, Python, Matlab, KNIME, and SIMCA - Experience with developing..."
https://kr.indeed.com/viewjob?jk=c52b13ca64b943c1,솔루션 엔지니어 (Network Infra),글로벌 네트워크 회사 서울 강남구,"연봉 80,000,000원 - 120,000,000원","OpenShipft, Kubernetes, Microsoft Service) * Programming ( Python, JavaScript, Golang etc.) 근무 형태: 정규직 급여: 80,000,000원 - 120..."
https://kr.indeed.com/viewjob?jk=b95d00f1145e5ef3,(광주취업맛집1위)2021년도 국비 기술교육생,대한상공회의소 광주인력개발원 광주 광산구,,통신·모바일·게임>빅데이터·AI(인공지능)>데이터분석|인터넷·IT·통신·모바일·게임>빅데이터·AI(인공지능)> Python|인터넷·IT·통신·모바일·게임>빅데이터·AI(인공지능)>머신러닝|인터넷·IT·통신·모바일·게임>빅데이터...
https://kr.indeed.com/viewjob?jk=39e99c8ed1d40a8f,2021 토스 전 계열사 대규모,비바리퍼블리카 서울 강남구,,게임>빅데이터·AI(인공지능)> Python|인터넷·IT·통신·모바일·게임... 용프로그래머>Linux|인터넷·IT·통신·모바일·게임>응용프로그래머> Python|인터넷·IT·통신·모바일·게임>응용프로그래머>iOS|인터넷·IT·통신...
https://kr.indeed.com/viewjob?jk=6aebabcddef7f514,Field Application Engineer,Nearfield Instruments 대한민국,,"troubleshooting. Preferably to have coding capability (Matlab, Python...etc... data analysis, visualization, and algorithm..."
https://kr.indeed.com/viewjob?jk=3330430ae94277db,[타다]데이터 분석가/사이언티스트,쏘카 대한민국,,"통계에 대한 지식 및 머신러닝에 대한 지식을 보유하고 있으며, 데이터 분석 실무 경험이 풍부하신 분 • R, Python(Pandas, Numpy, Scikit-learn) 등의 데이터 분석을 위한 언어를 1개 이상 능숙하게..."
https://kr.indeed.com/viewjob?jk=aa4f54d9c677fd73,인프라보안,NHN 4.4 성남 판교역,,"영역별 취약점에 대한 충분한 이해 - CVE 보안취약점 분석 및 대응 역량 - C, Java, Python 등을 통한 업무 자동화 및 분석도구 개발 경험 - 리버스 엔지니어링에 능숙하거나 다수의 버그바..."
https://kr.indeed.com/viewjob?jk=90e77f4d6043c724,데이터 분석가,스포카 부산 해운대구 +1 지역,,"성을 주도적으로 제시할 수 있는 분을 찾습니다. 우대 사항 1가지 이상의 프로그래밍 언어를 구사하시는 분: Python, R 등의 프로그래밍 언어를 1개 이상 능숙하게 사용 가능하신 분이면 좋습니다. 데이터 웨어하우징 인프라..."
https://kr.indeed.com/viewjob?jk=4cd34228af5013fd,DGIST 2019년 제1차 계약직원 공개채용 공고,대구경북과학기술원 대구 현풍면,,"우수자(SPSS, R 등 통계패키지) 외국어(영어) 구사 능력 우수자 Programming(MATLAB, Python, C/C++ 등) 가능자 · 근무기간 : 2019.3.11.~2020.3.10. ※ 단, 재계약 평가에..."
https://kr.indeed.com/viewjob?jk=c8bf4fa58999927f,AI 분야 박사 신입/경력,LG CNS 3.7 서울특별시,,"이상 (AI 관련 논문 발표) ② AI/딥러닝 알고리즘 연구개발 프로젝트 경험 ③ Ubuntu Linux, Python, Tensorflow, PyTorch 사용 중상급 이상 우대사항(해당 내용 중 1개 이상) ① AI/머신..."
https://kr.indeed.com/viewjob?jk=5fe7667a0deebbba,Operation Buyer(Contractor),Edwards Korea Ltd 충청남도 천안,,"programming languages or statistical software – ex) C++, Python, VBA, R, MATLAB, Minitab, SPC Passionate people create..."
https://kr.indeed.com/viewjob?jk=e934bb33ef71dacb,[EY한영] 금융감사본부 Data Analytics 전문 경력직 모집,Ernst & Young 4.0 대한민국,,총계정원장조정 경험자 - Python/R 등 프로그램 언어 활용 능력... PowerBI... Tableau Experience with Python/ R or other programming languages...
https://kr.indeed.com/viewjob?jk=f9dcc4b277dfcebc,[Search] [Vision] Computer Vision Engine...,네이버 서울,,"스템 엔지니어링 · 스마트렌즈 , 이미지 / 동영상 검색 , 비주얼 커머스 서비스 고도화에 기여 [자격요건] · Python, C++, Golang, Scala 등의 백엔드 개발 언어를 1 개 이상 자유롭게 활용 가능한 분..."
https://kr.indeed.com/viewjob?jk=f10a132f53b6307d,Applied Data Scientist,dunnhumby 서울,,"relevant subject Programming skills (Hadoop, Spark, SQL, Python) Prototyping Statistical Modelling Analytical Techniques..."
https://kr.indeed.com/viewjob?jk=6b33de463ebe507d,Data Analytics 컨설턴트 - 글로벌 컨설팅Firm,에스에프인촌 서울,,본적으로 비즈니스 문제 해결이 가능한 컨설팅 자질을 갖추고 있어야 함 - Python 등 관련 코딩 경험자 우대 3) 영어 활용 능력 우수자 우대 4... 자질을 갖추고 있어야 함 - Python 등 관련 코딩 경험자 우대 3...
https://kr.indeed.com/viewjob?jk=bd71e33adadfe4ac,HE Cryptographer,Intel 4.1 서울,,Implementation skills for developing software prototypes with Python C C Java or other languages... Mathematica...
https://kr.indeed.com/viewjob?jk=e05a4f462f4e81e3,경영지원본부 전산팀 경력사원,디비자산운용 대한민국,,"및 네트워크 유지보수 가능자 4. 우대사항 - 전산 / 금융 관련 자격증 보유자 우대 - Oracle, Python, Java, Powerbuilder 프로그래밍 가능자 우대 - 운용사 / 사무관리사 / 증권사 등에서 관련..."
https://kr.indeed.com/viewjob?jk=6bf25be7270a4108,(수정)동국대학교 데이터분석팀 일반연구원(계약직) 채용,동국대학교 4.3 서울 필동,,"자 4) 남자의 경우 병역필 또는 면제자 5) 한글, MS OFFICE 등 기본 문서작업 가능자 6) Python, R 프로그래밍 언어 사용 가능자 우대 2. 모집인원 : 0명 3. 근무조건 및 계약기간 구 분..."
https://kr.indeed.com/viewjob?jk=b602108c31558329,리서치분야 석사이상 경력직,케이지제로인 대한민국,,"티팩터 리서치 2. 펀드, 금융 및 재무데이터 분석 3. 기업재무 관련 리서치 4. 기관 컨설팅 5. R, Python을 활용한 로직 개발 자격 요건 석사이상, 경력 3년이상, 경제학, 재무금융 전공자 우대사항 CFA..."
https://kr.indeed.com/viewjob?jk=18b288e9021d899f,NAVER IDC 서버 운영/관리,NIT Service 춘천 동면,,"Web, WAS에 대한 지식과 System application 운영 경험 - Shell script, python 활용 가능 - 해외 데이터센터 인프라 구축 또는 운영 경험 - 국가보훈대상자 및 장애인은 법령에 의거 우대..."
https://kr.indeed.com/viewjob?jk=649ccf047c868778,"금융 데이터 분석 엔진, 로보어드바이저 개발자",에스비씨엔 서울 영등포구,,"시스템, 머신러닝, 자연어처리. 패턴분석 - 다음 언어에서 최소 한 가지 이상 능숙자: Java, C++, Python, JavaScript 우대사항 - 석사이상 컴퓨터공학 (Computer Science) 분야 또는..."
https://kr.indeed.com/viewjob?jk=07375dc4e800dfa9,추천 시스템 소프트웨어 엔지니어,카카오 4.0 성남 판교역,,"관련 업무 경험자 우대사항 운영체제, 네트워크, 컴파일러, 데이터베이스에 대한 이해가 깊으신 분 Python, C++, GPU 프로그래밍 숙련자 대용량/실시간 서비스 개발/운영 경험이 많으신 분 ICPC/TopCoder..."
https://kr.indeed.com/viewjob?jk=cd2ef993ee5c8d3f,지스트 블록체인인터넷경제연구센터 계약직(연구원),광주과학기술원 광주 북구,,록체인 개발 블록체인 하드포크 1) 4년제 대학 이상 졸업자 2) SW프로그래밍 제작 경험자 3) Python/C/Java/Go 프로그래밍 가능자 4) 팀장급은 개발 경험 10년 이상인 자 연구직 1명 우대사...
https://kr.indeed.com/viewjob?jk=481f953ccaa4bc96,머신러닝 개발자 모집,넷마블 서울 구로구,,"시스템 운영 효율화 및 고도화 자격요건 - ML 관련 분야 경력 6년 이상 - Cloud 서비스 활용 경험 - Python, C/C++, SQL 사용 가능 - Tensorflow 또는 상응하는 라이브러리 활용 경험 우대사항..."
https://kr.indeed.com/viewjob?jk=bfe0f5ac4f32ec89,추천 통계분석/데이터사이언티스트,카카오 4.0 성남 판교역,,기능 기계학습 모델링 지원자격 개발 경력 3년 이상 숙련된 데이터분석 능력 데이터 사이언스를 위한 언어( Python/R) 를 하나 이상 능숙하게 다룰 수 있으신 분 분석 결과를 설득력있게 전달할 수 있는 분 우대사항...
https://kr.indeed.com/viewjob?jk=ce01bdc845c9bb49,딥러닝아키텍처 신입/경력,컴트루테크놀로지 서울 마포구,,"전공 해당 분야 관련 영어 문서를 읽고 응용할 수 있는 독해 능력 Python 언어 사용 가능자 PyTorch, Tensorflow 등 딥러닝 프레임... 게임>빅데이터·AI(인공지능)> Python|인터넷·IT·통신·모바일·게임..."
https://kr.indeed.com/viewjob?jk=c3c9f36cd3a8c314,"연구개발, it개발 신입/경력 정규직",포엔 대전 유성구,,"가능)(연구원, 주임연구원급) [우대사항-IT 개발] ㆍ컴퓨터공학 ㆍ Python(numpy, pandas, scikit-learn, sympy) ㆍ... 통신·모바일·게임>웹프로그래머> Python|인터넷·IT·통신·모바일·게임..."
https://kr.indeed.com/viewjob?jk=69ab0f58743cb713,21년 전문연구요원 (AI엔지니어),Nexon 성남 분당구,,"대상자 - 병역의무가 없거나 면제된 분, 병역의 의무를 마치신 분은 본 공고의 대상에서 제외됨 - Python에 숙련된 프로그래밍 능력과 머신러닝 라이브러리 활용 경험 - 머신러닝과 강화학습에 관련된 지식 습득 혹은..."
https://kr.indeed.com/viewjob?jk=cd5ca556791f1f79,[브랜디] 경영본부/사업본부/개발직군 신입 및 경력,브랜디 서울 강남구,,"수 있는 분 - SQL, R, Python 등 데이터 관련 언어 사용이... 형상관리에 대한 이해 - (경력) 웹 서비스 개발 경험 - (경력) Python 유경험자 - (경력) AWS, Azure 등 클라우드 환경 프로젝트..."
https://kr.indeed.com/viewjob?jk=e9d6c53d8915adf6,"[Search] 파파고 머신러닝(자연어처리, 컴퓨터비전) 엔지니어 신입/...",네이버 서울,,"TensorFlow, PyTorch) · Python, C++ 등의 프로그... 자격요건] · 주도적으로 문제를 찾고, 해결할 수 있는 분 · Python 등의 프로그래밍 언어를 다룰 수 있는 분 · Tensorflow..."
https://kr.indeed.com/viewjob?jk=7639fede84396f4a,"하드웨어, 소프트웨어 외 신입/경력 정규직",유닉트 경기도 양주,"연봉 25,000,000원 - 30,000,000원","studio code - xcode 서버개발 * 서버 개발 ( Python 3, Django) - visual studio code - AWS EC2... 통신·모바일·게임>응용프로그래머> Python|인터넷·IT·통신·모바일·게임..."
https://kr.indeed.com/viewjob?jk=419692b3ddb34768,Analytics Specialist,MightyHive 서울,,"end languages ( Python, NodeJS, PHP, etc... HTML5 / CSS / JavaScript, 기타 프론트 엔드 언어 ( Python, NodeJS, PHP 등) 등 읽고 쓰는 능력 기본 혜택..."
https://kr.indeed.com/viewjob?jk=a3832e9ad1e98d22,"2021년 수시채용-SW개발,제어설계,기구설계",에스에프에이 아산 둔포면,,"MCU 펌웨어 개발 [우대사항] -공업수학, 응용수학, 수치해석 우수자 -Linux기반 C언어, Python ROS 프로젝트 경험자 -마이컴 프로세서 모션 제어 프로그램 경험자 -군집 제어 경험자 기구설계 -기계..."
https://kr.indeed.com/viewjob?jk=a7e7823c3f0ad866,한화손해보험_디지털전략팀 경력 채용,한화그룹 4.2 서울,,"경험 보유자 ⑧ 통계 분석 및 활용 능력 (SAS, SPSS, R, Python 사용 경험) 0명 여의도 본사 02-316-0534 데이터 사이언티... 사고능력, 문제해결 능력 - Python을 이용한 통계분석 및 머신러닝..."
https://kr.indeed.com/viewjob?jk=2892c67308e87f01,Field Data Scientist,Success Korea 경기도,,"Scripting experience required (e.g. Matlab, R, Python). Familiarity with analytics... e.g. Matlab, R, Python). Familiarity..."
https://kr.indeed.com/viewjob?jk=83f5cde0c35c1619,[개발자 ] 앱 개발 (Android&IOS),라젠 광주 동구,"월급 2,000,000원","모션) [업무시간] 오전 09시 ~ 오후 6시 [체크사항] 1.Android / IOS 개발자 2.C, Python, Java 등 기본 언어 활용 [근무시간 및 형태] 주 5일 근무 (오전) 9시 00분~(오후) 6시 00분..."
https://kr.indeed.com/viewjob?jk=fd48d94262383637,Software Engineer - Numerical Control Pr...,BOEING 서울,,"Aerospace Engineering Experience... followings – Python, MS SQL, and Java Experience on system software development..."
https://kr.indeed.com/viewjob?jk=d90a0666c61d6651,Korea ODP Cloud Engineer Customer Experi...,Oracle 3.8 대한민국,,"development tools Java/J2EE, HTML5, PHP, APEX , Ajax, Python, XML, LAMP stack JBoss, Tomcat, GlassFish MySQL, NoSQL (MongoDB..."
https://kr.indeed.com/viewjob?jk=d4c52ba1a491a8b9,현대무벡스 경력사원 상시,현대무벡스 서울 종로구,,PM>웹기획|인터넷·IT·통신·모바일·게임>웹프로그래머>JAVA|인터넷·IT·통신·모바일·게임>웹프로그래머> Python|인터넷·IT·통신·모바일·게임>네트워크·서버·보안>정보보안|인터넷·IT·통신·모바일·게임>응용프로그래머>클라우드
https://kr.indeed.com/viewjob?jk=092d062a6faa7139,데이터 분석가 모집,카카오 4.0 성남 판교역,,"이터 분석 지원자격 데이터 분석 업무를 수행할 수 있는 하나 이상의 언어 스킬 필수 (예. SQL, Python, R 등) 데이터 기반 프로젝트 경험이 있으신 분 (예: 통계 분석 프로젝트) 어떤 일이라도 중요하게 여기..."
https://kr.indeed.com/viewjob?jk=afe92c03320fe1b3,카카오 광고 서비스 알고리즘 및 시스템 개발,카카오 4.0 성남 판교역,,"함께 하고 싶습니다. 지원자격(공통) 하나 이상의 프로그래밍 언어에 익숙한 분 (C/C++, Java, Python, Go, Scala 등) [알고리즘 개발 업무 관련 지원 경우] 데이터 마이닝 또는 머신러닝 지식/경험이..."
https://kr.indeed.com/viewjob?jk=404564de08176a0b,Data Science 컨설턴트 - 글로벌 컨설팅펌,에스에프인촌 서울 서초구,,"분석 등을 통한 Insight 도출 자격요건 통계학과/산업공학과/컴퓨터공학과 등 유관 학과 졸업/석박사 우대 Python 등 관련 코딩 경력 빅데이터, 통계, Machine Learning, 알고리즘 등 Artificial..."
https://kr.indeed.com/viewjob?jk=776ccceeaf6fe02e,DGIST 동반진단의료기술융합연구실 계약직 연구원 공개 채용 공고,대구경북과학기술원 대구 현풍면,,"경험자 Matlab 또는 Python 활용 능력 우수자 C/C++... 분석 수행 Python을 통한 Data 처리 및 DB 구축 윈도우/리눅스 환경 프로그래밍 가능자(C++, Java, Python 등) 자동..."
https://kr.indeed.com/viewjob?jk=71c47ac87bb4087e,기술 인턴 인공지능 응용 연구/개발 인턴,써로마인드로보틱스 서울 관악구,,"6개월) (협의) *모집 절차: 서류 à인터뷰(오프라인) *지원 자격: 프로그래밍 언어 활용 능력: Python, C, C++ 중 1가지 이상 데이터구조, 알고리즘 과목 이수 머신러닝과 딥러닝의 기본 개념 이해 머신러닝..."
https://kr.indeed.com/viewjob?jk=fce04ed9777c8bed,애플리케이션 보안컨설팅,NHN 4.4 성남 판교역,,"비스 보안 진단 경험자 - 서버... DBMS 보안 취약점 점검 경험 - java 프레임워크, python 개발 경험 공통지원자격 - 병역필 혹은 면제로 해외여행에 결격 사유가 없는 자 지원방법 - 온라인..."
https://kr.indeed.com/viewjob?jk=a2b8aae664300392,신한AI 인공지능(AI) 인력,신한에이아이 서울 영등포구,,"련전공 : 인공지능 / 수학 / 산업공학 / 컴퓨터공학 / 통계 관련 [우대사항] - 프로그래밍 숙련자 ( python 外 C++, Java 등) - 금융데이터 또는 시계열 데이터 기반 인공지능 모델 구축 및 운영경험 - 강화..."
https://kr.indeed.com/viewjob?jk=74cf47be676133ff,DGIST 미래자동차융합연구센터 계약직 연구원 및 연수연구원 공개 초빙...,대구경북과학기술원 대구 현풍면,,"기술개발 우대 사항 우대사항 - S/W개발능력, C,C++, Python,Matlab 등 능숙자 - 자율주행 및 ADAS관련 프로젝트 참여경... W개발능력, C,C++, Python,Matlab 등 능숙자 - 자율주행..."
https://kr.indeed.com/viewjob?jk=6608915704699af1,메이저 대기업 그룹 IT 리딩기업- AI 직무관련 다수 [과장급이상/처우...,yesconsulting 서울 종로구,,"recognition 기술 개발 유 경험자 우대 • 딥러닝 기반의 OCR 알고리즘 개발 - C/C++, Python programming 사용 경험 - 딥러닝 이론, 어플리케이션에 대한 이해 - 딥러닝 프레임워크 사용 경험..."
https://kr.indeed.com/viewjob?jk=cfc6c4d6a4cd83bd,Senior Analyst - Data Analytics,McKinsey & Company 4.3 서울,,"skills with python, R Knowledge... suited... business problem (using Python, SAS, SQL, R and other relevant tools..."
https://kr.indeed.com/viewjob?jk=98c2229e57d4ee1f,전기전자컴퓨터공학부(바이오컴퓨팅연구실) 위촉연구원,광주과학기술원 광주 북구,,"국가보훈대상자(취업보호대상자) 및 장애인은 관련 법령에 의거하여 우대 ② 컴퓨터 프로그램밍 (Matlab, Python, C++등) 가능자 ③ 뇌파 측정 및 분석 2년 이상 경력 ➃ 딥러닝 기술 개발 경험 결격사유..."
https://kr.indeed.com/viewjob?jk=d506db8d8e7637bd,[K디지털무료교육] 빅데이터분석 AI활용 디지털트랜스포메이션 교육생 (2...,한경닷컴 서울 영등포구,,게임>빅데이터·AI(인공지능)> Python|인터넷·IT·통신·모바일·게임... 그래머>인공지능(AI)|인터넷·IT·통신·모바일·게임>응용프로그래머> Python|인터넷·IT·통신·모바일·게임>응용프로그래머>API|인터넷·IT·통신...
https://kr.indeed.com/viewjob?jk=e9ac1a8708b8e784,[상시 ] Data Scientist (대리급/과-차장급/정규직),라이나생명보험 서울 종로구,,"데이터 분석 프로젝트 수행 경험 3년 이상 3년 이상의 R, SQL, Python 등 프로그래밍 언어 활용 경험 최신 AI 관련 기술을 포함한 다양한... 수행 경험 7년 이상의 R, SQL, Python 등 프로그래밍 언어 활용..."
https://kr.indeed.com/viewjob?jk=9a818d9d91db847d,Data Analytics SA,Amazon Web Services Korea LLC 서울,,"some relevant languages, tools and frameworks (e.g python, Java, R, scala, spark, Kafka, Hadoop ecosystem, presto, Hive..."
https://kr.indeed.com/viewjob?jk=54ce47c4db974112,DGIST HumanLAB(인간중심지능형시스템연구실) 연수연구원 채용 공...,대구경북과학기술원 대구 현풍면,,경험자 Matlab 또는 Python 활용 능력 우수자 국가연구... 프트웨어 설계 및 구현 가능자 Matlab/Simulink 또는 Python 활용 능력 우수자 국가연구 개발(R&D)사업 참여 경험자 영어...
https://kr.indeed.com/viewjob?jk=d1e75364ef505c68,"데이터 가치를 함께 발굴하실 머신러닝, 통계 모델링 전문가 모집",카카오 4.0 성남 판교역,,해당 기술에 자신감이 있으신 분도 환영합니다. 지원자격 머신 러닝/통계 등 모델링에 활용하는 언어( Python/Scala/R 등) 및 도구(Tensor flow/Pytorch 등)를 하나 이상 능숙하게 다룰 수 있으신...
https://kr.indeed.com/viewjob?jk=eaee1538d8cc832f,메시지발송 플랫폼 개발자,Nexon 성남 분당구,,"개발 가능하면서 python 개발 경험 소유자(또는 Python 개발 가능... NET 또는 python 개발 경력 5년이상 - 자동화를 위한 스크립트(powershell, bash, python 등) 경험 - Windows..."
https://kr.indeed.com/viewjob?jk=be95b5718905880f,AI/빅데이터/클라우드 분야 (인재 Pool),LG유플러스 3.8 서울,,"Science를 위한 언어(R/ Python) 및 Tool(scikit-learn/Tensorflow 등) 능숙자 . Deep Learning Model 구현 경험자 . Java, Python등을 이용하여 분석을 위한 Data..."
https://kr.indeed.com/viewjob?jk=a4ade495ab488c6f,사물인터넷(IoT) 개발자 (하드웨어 및 소프트웨어),큐빅스 경기도 파주,,통신·모바일·게임>시스템프로그래머>임베디드(Embedded)|인터넷·IT·통신·모바일·게임>응용프로그래머> Python|인터넷·IT·통신·모바일·게임>응용프로그래머>JAVA|인터넷·IT·통신·모바일·게임>응용프로그래머>자바스크...
https://kr.indeed.com/viewjob?jk=dd225d5ae97842c0,[웹젠] 게임보안(경력),웹젠 성남 분당구,,PC/AOS/IOS 어플리케이션 리버싱 가능한 분 - C/C++/ Python/Java 등 개발 능력을 보유한 분 - 암호화 / 네트워크 /DB 등... 리버싱 가능한 분 - C/C++/ Python/Java 등 개발 능력을 보유...
https://kr.indeed.com/viewjob?jk=3805907e10c94ad1,생산기술연구팀 개발자 연구원,에이스트로닉스 대전 유성구,,"학력사항: 대학(2,3년)졸업 이상 [필수사항] - C / C++ / Python 언어 사용 가능자 - Windows, 임베디드 리눅스 기반 시스템... 통신·모바일·게임>응용프로그래머> Python|인터넷·IT·통신·모바일·게임..."
https://kr.indeed.com/viewjob?jk=db55ee61f98e6816,DGIST 동반진단의료기술융합연구실 계약직 연구원 채용 공고,대구경북과학기술원 대구 현풍면,,데이터 통계 분석 AI 기반 데이터 분석을 위한 대용량 고속 데이터 처리 DB 구축 우대 사항 Python/Jave 기반 생체 정보 데이터 분석 경험자 대용량 고속 데이터 처리 DB 구축 경험자 급여수준...
https://kr.indeed.com/viewjob?jk=27ea6faf6a8516fd,퀀트 개발자 (Quant Developer),ATZ Inc. 서울,"연봉 30,000,000원 - 40,000,000원",any... following languages. (C/C++/C#/ Python/Java/Node.js)* Experience with R... languages) C/C++/C#/ Python/Java R/Excel...
https://kr.indeed.com/viewjob?jk=da5c549bf1a76ded,데이터 사이언스(데이터 모델링 및 추천 모델링),NHN 4.4 성남 판교역,,"AB테스트, 결과 해석 등) - 리눅스 환경에서 머신 러닝 및 데이터 분석 관련 언어, 라이브러리( Python, R, SQL, tensorflow 등) 능숙한 활용 - 머신러닝, 추천 , 딥러닝 관련 논문을..."
https://kr.indeed.com/viewjob?jk=18f62dc644a89e0c,2021 Global Data Internship - Seoul (Kor...,Bloomberg 서울,,"work experience using one or more programming language (e.g. Python, JavaScript, SQL, etc.) Prior coursework or involvement..."
https://kr.indeed.com/viewjob?jk=a22173d071050949,NLP Engineer for AI Startup (remote),MIND AI 서울 • 원격 근무,"연봉 40,000,000원 - 60,000,000원","field. * 3+ years programming experience, 2+ years in Python especially in teams. * Thorough understanding of programming..."
https://kr.indeed.com/viewjob?jk=2cfd15907402c5cc,DGIST 제2차 계약직 연구원 채용공고,대구경북과학기술원 대구 현풍면,,천원 이내 수행 내용 Machine learning (Deep learning) 알고리즘 개발 Python/Tensorflow 프로그래밍 Matlab/simulink 모의실험 자율주행 자동차 혹은 전문 서비...
https://kr.indeed.com/viewjob?jk=444320d2e49672dc,"Application Engineer South Korea (Physics, EE)",Zurich Instruments 대한민국,,"Experience in programming languages LabVIEW, MATLAB, Python or C is a plus. Availability to travel, around 25%. Moreover, we..."
https://kr.indeed.com/viewjob?jk=7e9a745cd8bdcbe3,"Design Consultant, Staff",Synopsys 대한민국,,"industry DFT, MBIST, and ATPG tools •Experience scripting... Python and Tcl. Experience with Verilog or SystemVerilog RTL..."
https://kr.indeed.com/viewjob?jk=8188fd96cce5bddc,[우수훈련기관]전액무료 IT교육받고 취업하자,휴먼교육센터 청주 흥덕구,,UI 개발자 데이터베이스 개발자 AI활용 소프트웨어 개발자 JAVA& Python개발자 접수방법 및 접수기간 접수기간 : 2021년 02월 17일까지... 게임>빅데이터·AI(인공지능)> Python|인터넷·IT·통신·모바일·게임...
https://kr.indeed.com/viewjob?jk=4698c0e2364b5576,[넥슨·엔씨소프트등] 자바·파이썬 응용SW 개발자 양성교육 · 동종업계...,한국직업전문학교 서울 구로구,,통신·모바일·게임>응용프로그래머> Python|인터넷·IT·통신·모바일·게임... 웹프로그래머> Python|인터넷·IT·통신·모바일·게임>웹프로그래머>웹개발|인터넷·IT·통신·모바일·게임>빅데이터·AI(인공지능)> Python|인터넷...
https://kr.indeed.com/viewjob?jk=7f3e824eab01a741,[이마트] 이마트 ML Engineer 경력직 모집,신세계 4.5 대한민국,,엔진 개발&운영 ㆍ온/오프 통합 실시간 개인화 모델 서비스 고도화 개발&운영 자격요건 ㆍ학사 이상 ㆍ Python/Java/Go/Kotlin 중 하나이상의 언어에 능숙한 분 ㆍ수학/통계/컴퓨터공학/산업공학 등 관련...
https://kr.indeed.com/viewjob?jk=b5b88516a299bbb2,(주)신세계아이앤씨 경력사원 상시,신세계아이앤씨 서울 중구,,"0명 공통사항 -. 자동화 Tool에 대한 이해 보유자 -. JAVA, C, JavaScript, Python, HTML, JSP 등 프로그래밍 언어 개발 경험자... Process 및 Process Mangement에..."
https://kr.indeed.com/viewjob?jk=02bcd7b6412d1db9,자율주행연구팀 연구사원 (신입/경력),소네트 대구 달성군,,"필수사항 - C / C++ / Python 언어 사용 가능자 • 우대사항... C++언어 사용 가능자 • 우대사항 - 운전 가능자 - JAVA / python 언어 사용 가능자 - 오픈소스 (OpenCV, ROS 등) 사용 경험..."
https://kr.indeed.com/viewjob?jk=65da831cb9d5a6b5,DGIST 계약직 연구원 및 일반직원 초빙 공고,대구경북과학기술원 대구 현풍면,,"구축 및 생물학 데이터 분석 Tool 개발 및 유지 다양한 프로그래밍(Java, Perl, C++, Python) 우대 사항 관련 분야 석사학위 소지자 유전체, 단백체, 대사체 데이터 분석 유경험자(3년 이상..."
https://kr.indeed.com/viewjob?jk=9040dba1c8db2a5d,퀀트운용팀 (사원-대리급),신한비엔피파리바자산운용 대한민국,,지식 보유자 - 투자자산운용사 자격증 소지자 우대 - CFA/CAIA/CPA 자격증 소지자 우대 - VBA/ Python 활용한 업무 가능자 우대 - 관련 전공 및 석박사 학위/금융 관련 자격증 보유자 우대 3. 전형방법...
https://kr.indeed.com/viewjob?jk=089931931a0474d5,소형전지사업부/기술혁신센터,삼성SDI 3.9 충청남도 천안,,"천안 전공분야 - 컴퓨터/시스템 전자/전기 기계/산공 전문지식 - Java, C#, C++, Python - Oracle (PL/SQL) - Automod, VisualComponent - 통신프로그래밍 경험..."
https://kr.indeed.com/viewjob?jk=d0e25e778a071c50,(주)아이옵스 소프트웨어 개발자,아이옵스 대전 유성구,,"트스트랩, 웹개발, C++, C#, python, java 등 1개 이상의... 대사항] - 자바스크립트, 부트스트랩, 웹개발, C++, C#, python, java 등 1개 이상의 개발환경 능숙자 - Windows, Linux..."
https://kr.indeed.com/viewjob?jk=df607996134e60ff,스테코 부문별 신입 및 경력사원,스테코 천안 서북구,,"알고리즘 개발 ※ C/C++ , Python , 할콘 library 개발... 데이터 처리 개발 경험 - HTML5기반 Web 시스템 개발 경험 - Python개발 경험 인사팀 인문계열 0명 ㆍ스테코 인사담당 업무 - 인사기획..."
https://kr.indeed.com/viewjob?jk=94e6b51a16f4a0f6,Perception Software Engineer - Autonomou...,NVIDIA 대한민국,,work experience. Strong programming skills in C++ and python. Hands-on experience in developing algorithms for state...
https://kr.indeed.com/viewjob?jk=010d38b18b07b6bb,데이터 분야 경력,LG CNS 3.7 서울,,"해가 뛰어난 자 - R, Python, SAS, SQL 등 활용 역량 우대사항(해당 내용 중 1개 이상) - ML/DL 경험 인력 우대 - 관련 분야 석사 이상 학위 소지자 우대 - R, Python등 데이터분석 모델링 경험..."
https://kr.indeed.com/viewjob?jk=9acc17c535b42959,2021년 (신입) 전문연구요원 모집,NHN 4.4 성남 판교역,,"연구 및 개발 경험 - Python/C++/Java/C# 개발 경험... 머신러닝/딥러닝/음성인식/ 음성합성 연구 및 개발 경험 - Python/C++/Java/C# 개발 경험 - 전기전자, 정보통신, 컴퓨터 관련..."
https://kr.indeed.com/viewjob?jk=206550813b58865d,[개발자] 꿈 찾아드립니다. 저희와 함께하세요,ICON 서울 강남구,,Python (신입/경력)개발자 (1명) - 이미지 프로세싱 관련 개발 경험이 있으신 분 - OpenCV 를 이용한 C++ 혹은 Python 개발에... 통신·모바일·게임>웹프로그래머> Python|인터넷·IT·통신·모바일·게임...
https://kr.indeed.com/viewjob?jk=eeb9fe1c361f0758,정보보안 담당자,Nexon 성남 분당구,,보안 이벤트 분석 또는 상관관계 이벤트 분석 능력 보유 - OS 및 네트워크 관련 기초 지식 보유 - python 등의 간단한 스크립트 작성 능력보유 - 타인과의 원활한 커뮤니케이션 자세 - 새로운 기술에 대한 적극적...
https://kr.indeed.com/viewjob?jk=cb32ed51c4e0c7ad,DGIST 동반진단의료기술융합연구실 계약직 연구원 공개 초빙 공고,대구경북과학기술원 대구 현풍면,,"경험자 Matlab 또는 Python 활용 능력 우수자 C/C++... Java, Visual Basic, Python 등) 공학용 프로그래밍 활용 가능자(Matlab, Python 등) 자동차 관련 실험 연구..."
https://kr.indeed.com/viewjob?jk=14076e1efa25f8da,그린뉴딜분야 연계형 교육 참여,사단법인 한국벰스협회 서울 구로구,,게임>빅데이터·AI(인공지능)> Python|인터넷·IT·통신·모바일·게임... 로그래머>증강현실(AR)|인터넷·IT·통신·모바일·게임>응용프로그래머> Python|인터넷·IT·통신·모바일·게임>응용프로그래머>머신러닝(ML)|인터넷...
https://kr.indeed.com/viewjob?jk=b670d2c165794a94,"[신입,경력] application 개발자",유즈브레인넷 서울 구로구,,"담당업무 자격요건 인원 MFC/Visual C++ [담당업무] - application - C, C++ - Python - 헬스케어 제품 어플 개발 - APP(iOS/Android) - 응용프로그래머 [근무부서 및 직급/직책..."
https://kr.indeed.com/viewjob?jk=84fd9f9deb6105b0,"웹개발, Python 외 신입/경력 계약직",쿠바로엠앤씨 서울 강서구,,"주식회사 쿠바로엠앤씨 웹개발, Python 외 신입/경력 계약직 채용 모집... 게임>웹프로그래머>웹개발|인터넷·IT·통신·모바일·게임>웹프로그래머> Python|인터넷·IT·통신·모바일·게임>웹프로그래머>백엔드|인터넷·IT·통신..."
https://kr.indeed.com/viewjob?jk=23dfc13905f7fcc0,[지식베이스] Knowledge Base Applications (신입),네이버 서울,,"이터 수집 및 취합 - 빅데이터 기술을 이용한 데이터 분석 - 데이터 시각화 [필요기술] - Java/ Python/Scala 중 최소 1 가지이상 숙련자 - Web(HTML, JS, D3 ) [우대사항] - 대용량 데이..."
https://kr.indeed.com/viewjob?jk=44b27e9dde454c6a,[고경력자의 경우 시간단축] 홈페이지 개발 및 관리 웹프로그래머,규 대한민국,"월급 2,000,000원",그래머>웹개발|인터넷·IT·통신·모바일·게임>웹프로그래머>HDML|인터넷·IT·통신·모바일·게임>웹프로그래머> Python|인터넷·IT·통신·모바일·게임>웹프로그래머>JAVA|인터넷·IT·통신·모바일·게임>웹프로그래머>HTML...
https://kr.indeed.com/viewjob?jk=e8a4630bec0783e8,2021 Market Data Analyst - Seoul,Bloomberg 서울,,"work experience using one more programming language... Python, SQL and R Fluency in Korean and English (both spoken..."
https://kr.indeed.com/viewjob?jk=68c314d4a02b84a6,Field Application Engineer,"Quectel Wireless Solution Co,.LTD 경기도 성남",,"understanding of object-oriented languages Proficiency in Python/Shell and C/C++ and (Linux, Unix) OS environment Familiar..."
https://kr.indeed.com/viewjob?jk=8a15326f80e07c08,Customer Operations Engineering Manager,Success Korea 대한민국,,experience in C++ or Java and Python - Network monitoring and application... C++ or Java and Python - Network...
https://kr.indeed.com/viewjob?jk=623d7d0a12068235,[대구] 빅데이터 개발 연구원,드림아이디어소프트 대구 동구,,"학력 : 대졸 이상 (2,3년) 지원자격 - 빅데이터 기반 서비스 개발에 관심있는 분 - Java 또는 R, Python 활용 가능한 분 - 적극적인 사고와 원활한 커뮤니케이션 능력을 가지신 분 우대사항 - 백엔드 서버 개발..."
https://kr.indeed.com/viewjob?jk=6b33de463ebe507d,Data Analytics 컨설턴트 - 글로벌 컨설팅Firm,에스에프인촌 서울,,본적으로 비즈니스 문제 해결이 가능한 컨설팅 자질을 갖추고 있어야 함 - Python 등 관련 코딩 경험자 우대 3) 영어 활용 능력 우수자 우대 4... 자질을 갖추고 있어야 함 - Python 등 관련 코딩 경험자 우대 3...
https://kr.indeed.com/viewjob?jk=55a19c92c845685e,Developer / Designer recruit,마이뮤직테이스트 서울 논현동,,"language (i.e Python, Ruby, Java, .Net... High proficiency in Python... knowledge... least one Python web framework..."
https://kr.indeed.com/viewjob?jk=57dead75c6dee2c1,글로벌 소셜카지노 서비스 해외사업 담당자 (경력),네오위즈 대한민국,,있는 분 우대사항 - 소셜 카지노 장르를 비롯해 카지노 산업 전반 대한 높은 이해도를 갖춘 분 - R과 Python 등을 활용해 통계 분석을 할 수 있는 분 - 우수한 영어 활용 능력과 글로벌 비즈니스 관련 경험이 있는 분...
https://kr.indeed.com/viewjob?jk=133c413d439266b8,여행플랫폼 스타트업 찾습니다.,휴플 제주 제주시,,"[직무내용] <경력> ?관련분야 2년 이상 경력자 <필요능력> ?데이터 언어(R, Python 등) 1개 가능 ?API 활용, 크롤링 가능 <직무내용> ?데이터 기획 진행 ?여행/안전 관련 데이터 수집, 가공 분석 진행 ?데이터..."
https://kr.indeed.com/viewjob?jk=f71d35f5dff01c45,Consultant - Identity & Security,Microsoft 4.2 대한민국,,"more... following: Azure PowerShell, CLI, Visual Studio, Python, Ruby or Terraform Identity: Designing and implementing..."
https://kr.indeed.com/viewjob?jk=a54f7baa4f06f4c1,광학솔루션사업부 신입 석/박사 수시(R&D분야),LG이노텍 4.1 경기도 안산,,"공정 개발 [경험/역량/우대사항] - 영상처리/컴퓨터 비전/딥러닝 알고리즘 개발 경험자 우대(C/C++, Python, Matlab 등) - 제어 시스템 모델링, 모터 제어 시뮬레이션 Tool 경험자 우대 - 임베디드 시스템..."
https://kr.indeed.com/viewjob?jk=4665562997b87ff0,글로벌 소셜카지노 부문 사업PM,네오위즈 대한민국,,슬롯/블랙잭 등의 카지노 게임에 대한 이해도가 있으신 분 2. SQL 사용이 익숙하신 분 3. 엑셀/R/ Python을 활용해 통계 분석이 가능하신 분 4. 영어 활용 능력이 높으신 분 * 면접 일정 안내는 서류 합격...
https://kr.indeed.com/viewjob?jk=05a8e481d9859e2c,"고등광기술연구소 레이저응용시스템연구실 박사후연구원, 위촉연구원",광주과학기술원 광주 북구,,"공지능 융합연구 (Matlab/ python, Labview/ FPGA... 연구/개발 2. 레이저/포토닉스-인공지능 융합연구 (Matlab/ python, Labview/ FPGA/ Raspberry Pi 등 경험자..."
https://kr.indeed.com/viewjob?jk=06995d4800ce38f3,Field Application Engineer (FAE) – Korea...,LUCID Vision Labs 대한민국,,debugging technique (OpenCL... Python experience is a plus). In-depth knowledge... OpenCL... Python experience is a plus...
https://kr.indeed.com/viewjob?jk=7d85656bf08b8bf2,전사 생산기술분야 경력사원,LG이노텍 4.1 경기도 평택,,"C++,Labview, R, Python 등 ) - AI 관련학과 전공 및 검사공정 AI 경력 3년이상 보유자 (딥러닝 모델설계/학습/배포, 딥러닝 성능 개선 ) - Python 언어와 딥러닝 프레임워크 (Tensorflow..."
https://kr.indeed.com/viewjob?jk=78f5465432356e17,Sr Systems Administrator I,Raytheon Intelligence & Space 대한민국,,"Experience with Linux/Unix scripting, C++, Java, Perl, Python, Sybase... SQL. - Experience with Linux/Unix tools, YUM..."
https://kr.indeed.com/viewjob?jk=e589aeb5e431aa03,신사업추진 연구(보조)원,에너밸리 광주 북구,"연봉 26,000,000원 - 40,000,000원","경력 : 3년 이상 - 모바일(하이브리드 기반) 어플리케이션 개발 - 백엔드 및 프론트 개발(자바 또는 Python) ? 필요능력 - 모바일 앱(하이브리드, 안드로이드, ios) 개발 경험 보유자 - java 개발 가능자..."
https://kr.indeed.com/viewjob?jk=941687b6bbb14d81,웹 개발자 경력 Java/Php/Javascript/Python/Html...,바이오브레인 대전 서구,"연봉 30,000,000원 - 35,000,000원","(주)바이오브레인 웹 개발자 경력 채용 모집부문 및 자격요건 담당업무 자격요건 인원 [담당업무] ㆍ웹 기반 프로젝트 개발 및 운영 [근무부서 및 직급/직책] 직급/직책: 대리 [자격요건] ㆍJava, Php..."
https://kr.indeed.com/viewjob?jk=e7c8c2b11f24fb43,Software Engineer,Google 4.3 서울,,"languages, including... limited to: C++, Java, C and Python. Excellent written and verbal communication skills. About..."
https://kr.indeed.com/viewjob?jk=7cb5c3076d1701db,"Field Applications Engineer, Audio",Dolby 서울,,"High level or detailed knowledge of SOC design. C/C++, python coding skills. Knowledge of music, audio/video production..."
https://kr.indeed.com/viewjob?jk=3202bf1a79e70cb2,Data Scientist,Motion2AI 서울,,"thinking to define unstructured problems - Experience with Python (pandas, numpy), R, SQL... VBA to deal... large..."
https://kr.indeed.com/viewjob?jk=5702c02123c8bd42,(주)에이테크와 함께할 솔루션 개발팀장/파트장,에이테크 울산 중구,,백엔드|인터넷·IT·통신·모바일·게임>웹프로그래머>프론트엔드|인터넷·IT·통신·모바일·게임>웹프로그래머> Python|무역·영업·판매·매장관리>기술영업>SI(Solution·System)|인터넷·IT·통신·모바일·게임>ERP...
https://kr.indeed.com/viewjob?jk=f91bdb1160ad64d2,"빅데이터, Python 외 신입 정규직",주)씽크풀 서울 영등포구,,"주)씽크풀 빅데이터, Python 외 신입 정규직 채용 모집부문 및 자격요건 담당업무 자격요건 인원 [담당업무] 파이썬( Python) 콘텐츠 알고리즘... 게임>빅데이터·AI(인공지능)> Python|인터넷·IT·통신·모바일·게임..."
https://kr.indeed.com/viewjob?jk=4bd70fb8a220d90d,[Janssen] Data Scientist,Johnson & Johnson Family of Companies 4.2 서울,,"Expertise in one or more programming languages... R, Python or SAS. 7. Knowledge of relational database architecture..."
https://kr.indeed.com/viewjob?jk=0feb2770202a5be1,(주)넷타겟 연구원 (웹프론트엔드 개발자),넷타겟 대전 유성구,,"bash, python, 등)으로 기존에 작성된 다양한 과학계산 코드들을 웹서비스의 형태로 구현하기 - 과학계산 Software API( Python... Django framework( Python) 에 대한 이해 - 새로운 기술..."
https://kr.indeed.com/viewjob?jk=8becbf73bbda7c96,2019 Military Service Exemption Position...,울산과학기술원 울산 언양읍,,"least one programming language... Fortran, C/C++, Python, …; Experience... managing high performance computational..."
https://kr.indeed.com/viewjob?jk=39371de8f58f18d5,(주)케이피엔 2021년 상반기 - 웹 개발,케이피엔 성남 분당구,"연봉 25,000,000원 - 70,000,000원",ㆍjQuery /javascript/ Python 필수 ㆍphp/MySQL... 서비스 개발자 - 1명 [지원 자격] ㆍ최근 4년 이상 개발 경험 ㆍ Python /javascript 필수 ㆍphp/PostgreSQL/ MySQL...
https://kr.indeed.com/viewjob?jk=9d9f5827c98272c9,테크빌더팀 웹어플리케이션 개발자 (백앤드/프론트앤드),Nexon 성남 분당구,,"주요업무 - 유저동향분석 시스템, 개발팀 지원 서비스 운영 및 개발 사용언어 및 라이브러리 - Python + Flask - JavaScript, React, Angular, JQuery - Elastic Search..."
https://kr.indeed.com/viewjob?jk=85929aac498299cc,데이터 사이언스 전문가 및 머신러닝 전문가 모집,카카오 4.0 성남 판교역,,명시해 주시기 바랍니다. 지원자격 개발 경력 2년 이상 머신 러닝/데이터 사이언스를 위한 언어(R/ Python/Scala) 및 도구(scikit-learn/Spark MLlib/Tensorflow/Pytorch 등)를...
https://kr.indeed.com/viewjob?jk=0064deb5fa9cbce0,데이터 사이언티스트 모집,카카오 4.0 성남 판교역,,"양한 실험을 통해 알고리즘을 개선합니다. 지원자격 지원자격 하나 이상의 프로그래밍 언어에 익숙한 분( Python, Java, C/C++, Scala 등) 머신러닝/딥러닝 오픈소스를 이용하여 1년 이상 특정 서비스에 모델..."
https://kr.indeed.com/viewjob?jk=4e91309fc89e9534,2020년 하반기 영업/기획/마케팅/개발 부문,아우토크립트 서울 영등포구,,통신·모바일·게임>응용프로그래머> Python|인터넷·IT·통신·모바일·게임... 프로그래머> Python|인터넷·IT·통신·모바일·게임>웹프로그래머>JAVA|인터넷·IT·통신·모바일·게임>빅데이터·AI(인공지능)> Python|인터넷...
https://kr.indeed.com/viewjob?jk=a1d687cd59776360,머신러닝 개발,Nexon 성남 분당구,,모델 개발 - 머신러닝을 위한 솔루션 프로토타이핑 - 머신러닝 파이프라인 설계 및 구축 지원자격 - Python에 숙련된 프로그래밍 능력과 머신러닝 라이브러리 활용 경험 - 머신러닝과 강화학습에 관련된 지식 습득 혹은...
https://kr.indeed.com/viewjob?jk=ae2c6294bc277408,Lead Technical Solutions Engineer,MightyHive 서울,,Data Analysis in Python... R Machine... 와 같은 모바일 앱 트래킹 도구들을 위한 모바일 이벤트 트래킹 Python 또는 R 을 활용한 데이터 분석 Machine Learning...
https://kr.indeed.com/viewjob?jk=a746de9c7a6168ef,Healthcare Real World Data Analyst 담당자,IQVIA 서울,,"HEOR 전반적인 업무 수행 Qualifications Claims Data 관련 분석 경력자 SAS / Python / R 등 통계 프로그래밍 언어 사용 가능자 통계학 전공자, 통계 및 Epidemiology 관련 석사..."
https://kr.indeed.com/viewjob?jk=dd4d8e59a4a9265d,Data Specialist (Scientist&&Engineer),아우름플래닛 서울 마포구,,"Tensorflow, Keras, Pytorch, Theano 등)를 하나 이상 사용할 수 있는 분 • R, Python, Scala, SQL 등을 이용한 데이터 분석 및 프로그램 개발 능력이 있는 분 • 데이터 분석 기법..."
https://kr.indeed.com/viewjob?jk=cae2de07045cfb2b,"Java, Python 영상툴 개발자",에이아이메이커 서울 마곡동,,원하면 가능) 담당업무 - 영상 라벨링 Tool 개발 - Tool 정확성 개선 자격요건 - Java - Python 우대사항 - 관련 개발 경력 - 툴개발 경력 근무조건 - 월~금 AM9:30 ~ PM18:30 복지...
https://kr.indeed.com/viewjob?jk=3d5f8e364a71247e,Software Engineer (Back-end),Streami 서울,"연봉 35,000,000원 - 80,000,000원","Experience in JavaScript, Python or Java... one of: Modern Javascript, Java, Python * Experience building and maintaining..."
https://kr.indeed.com/viewjob?jk=35f72aeb142bceaa,[NIT Service] NAVER IDC 서버 운영/관리(춘천),엔아이티서비스 강원도 춘천,,"application 운영 경험 - Shell script, python 활용 가능 - 해외 데이터센터 인프라 구축 또는 운영 경험 - 국가보훈대상자... 경험 - Shell script, python 활용 가능 - 해외 데이터센..."
https://kr.indeed.com/viewjob?jk=78d1ec77f4a5e0dc,기후 분석&모델링연구실 시간제연구원,광주과학기술원 광주 북구,,"수행 ① 국내외 4년제 대학교 환경공학관련분야 학사 이상 학위소지자로서, ② Fortran, GrADS, python 중 1개 이상의 프로그램 언어 사용 가능자 우대사항 ① 국가보훈대상자(취업보호대상자) 및 장애인은..."
https://kr.indeed.com/viewjob?jk=4f61daa017b07bae,[AI R&D] ML 엔지니어 모집,엔씨소프트 2.7 성남 판교역,,개발 지원자격 학력 : 학사 이상 경력기간 : 3년 ~ 필수조건 - ML에 주로 사용되는 언어(R/ Python)에 능숙하신 분 - ML 도구(scikit-learn/Spark MLlib/Tensorflow/Pytorch 등...
https://kr.indeed.com/viewjob?jk=a0dda478567db352,"(주)트윔 개발자(경력직) 빅데이터,영상처리,머신비전/AI 딥러닝",트윔 경기도 화성,,"자기주도적으로 진행한 경험 - Python/C/C++ 능통자 - 데이터... RNN 등 딥러닝 이론 및 알고리즘 유경험자 - C/C++, Java, Python/TensorFlow/Caffe 사용가능자 - Matlab/R 분석..."
https://kr.indeed.com/viewjob?jk=d0ca27a97ddf91f9,엔미디어플랫폼 데이터베이스 관리자 (DBA) 인재 안내,리더스소프트 성남 분당구,,"운영 가능한 분 - DB관련 자격증 보유한 분 - 운영 자동화 스크립트(PowerShell, Shell, Python) 작성 가능한 분 - MongoDB, Redis에 관심 있으신 분 기타사항 - 서류 접수 이후 4주 이내로..."
https://kr.indeed.com/viewjob?jk=7bf179a290a157b2,경험최적화파트 - 머신러닝 엔지니어,Nexon 성남 분당구,,모델 개발 - 머신러닝을 위한 솔루션 프로토타이핑 - 머신러닝 파이프라인 설계 및 구축 지원자격 - Python에 숙련된 프로그래밍 능력과 머신러닝 라이브러리 활용 경험 - 머신러닝과 강화학습에 관련된 지식 습득 혹은...
https://kr.indeed.com/viewjob?jk=b574f1454ae36aab,Cross Border Ecommerce - Business Intell...,Shopee 서울,,business analyst related roles Proficient in SQL and Python Strong analytical skill and sensitivity to data Strong oral...
https://kr.indeed.com/viewjob?jk=df21e3bb5d773616,Python Programmer,Mofac 서울 서초구,,개발 – JAVA 프로그래밍(라이브러리 활용) – Spring 프레임 워크 개발 – Python API 프로그래밍 우대사항 – Python 개발 경험 – Open Source 라이브러리 개발경험 – Web 표준에 대한 경험...
https://kr.indeed.com/viewjob?jk=04d685fc70b67d4e,Linux/Python/PHP/MySQL/백엔드 정규직 경력,일루미나리안 용인 보정동,,"보유 - DBMS(MySQL or MariaDB), scripting Language: bash, python, OOP 언어 중 가능자 - Back-End 서버를 개발해 보신 분 [우대사항] - Go(aka GoLang..."
https://kr.indeed.com/viewjob?jk=25725b3c0e607311,Junior Quant Trader,Byzantine Partners 서울,,background is a plus Programming capability is mandatory (i.e. Python) Understanding of machine learning algorithm is a plus...
https://kr.indeed.com/viewjob?jk=1e974ff27c6eb340,Autonomous Driving 분야 엔지니어,포티투닷 서울 강남구,,"프로그래밍 기술 (C/C++, Python 등) - 이동 로봇/드론 관련... platform 개발 경험 - 뛰어난 프로그래밍 기술 (C/C++, Python) - 3D geometry, math, physics 관련 경험 및..."
https://kr.indeed.com/viewjob?jk=8c88208d5aa20d79,메시지플랫폼 개발,Nexon 성남 분당구,,"시스템 개발 지원자격 - C# 개발 가능하면서 python 개발 경험 소유자(또는 Python 개발 가능하면서 C# 개발 경험 소유자) - 대량... powershell, bash, python 등) 경험 - Windows..."
https://kr.indeed.com/viewjob?jk=2238a8f7a38080f3,리서치분야 경력직,케이지제로인 대한민국,,"모델링 자격 요건 - 금융공학, 경영학(재무학), 경제학, 수학 등 관련 분야 전공자 - SQL, R, Python 등 Tool 숙련자 우대사항 - 금융관련 자격증 소지자 / 재무 및 통계 관련 석박사 / 펀드 관련..."
https://kr.indeed.com/viewjob?jk=60d03da8a3724068,이공계 전문기술 연수사업 수강생,경기도경제과학진흥원 서울,,용프로그래머> Python|인터넷·IT·통신·모바일·게임>웹프로그래머>JAVA|인터넷·IT·통신·모바일·게임>웹프로그래머> Python|인터넷·IT·통신·모바일·게임>빅데이터·AI(인공지능)> Python|인터넷·IT·통신·모바일...
https://kr.indeed.com/viewjob?jk=46040f2836467e84,(주)에이쳐 인공지능(AI) 프로그래밍 교육 커리큘럼 기획 및 컨텐츠 개...,에이쳐 용인 처인구,"연봉 24,000,000원 - 32,000,000원",학사 이상 ⓑ 교육 컨텐츠 제작 경험 또는 전문적 강사로서의 경험 ⓒ 인공지능 관련 기술에 대한 경험 ⓓ Python / Tensorflow / C / C++ / HTML5 / CSS / Java / Javascript 등...
https://kr.indeed.com/viewjob?jk=754be9e3d78fa802,2021년 상반기 R&D 개발자 (병역특례 가능/경력 무관),네오스텍 인천 연수구,,"담당업무: - 블루투스 메시 기반 위치 추적 솔루션 개발 - 상기 솔루션의 임베디드 펌웨어 개발 - C(필수), Python, Javascript 프로그래밍 언어 사용 - 기술 지원 [자격요건] 경력사항: 무관 (신입도 지원..."
https://kr.indeed.com/viewjob?jk=39484cfed2e71df9,기계학습 전문가 모집,엔씨소프트 2.7 성남 판교역,,"기간 : 2년 ~ 10년 필수조건 - 딥러닝 또는 강화학습 관련 전문 지식 및 R&D 경험 필수 - R&D에 python을 능숙하게 활용 할 수 있어야 하며, pytorch, tensorflow 등 딥러닝 라이브러리를 업무에..."
https://kr.indeed.com/viewjob?jk=e22f6021cbc3712d,경력직 개발자,에너밸리 전라남도 화순,"월급 4,500,000원",업에 프로젝트 인력으로 참여 ㆍQlikview 데이터 포털 수정 및 보완 ㆍ데이터 마이그레이션 쿼리 개발 ㆍ python 데이터 처리 개발 [근무시간 및 형태] 주 5일 근무 (오전) 9시 00분~(오후) 6시 00분 주소정근...
https://kr.indeed.com/viewjob?jk=385c58c7ced1d77b,데이터 사이언티스트를 지향하는 데이터 엔지니어 모집,카카오 4.0 성남 판교역,,"Spark 등 빅데이터 분석 플랫폼을 사용하여 대용량 데이터의 수집,가공이 가능한 분 프로그램 개발(Java, python 등) 기술을 보유하신 분 어떤 일이라도 중요하게 여기며 책임감 있게 진행할 수 있으신 분 자신의 생각..."
https://kr.indeed.com/viewjob?jk=62188527e0229352,DGIST-ETH 마이크로로봇연구센터 계약직 직원(Post-doc) 공개...,대구경북과학기술원 대구 현풍면,,"COMSOL, ANSYS 등) 사용 경험자 우대 MATLAB, Python 등을 사용한 기본적인 프로그래밍 경험자 우대 MEMS/BioMEMS... 경험자 우대 MATLAB, Python 등을 사용한 기본적인 프로그래밍..."
https://kr.indeed.com/viewjob?jk=1628b368775b89ea,".NET, ASP.NET 외 신입/경력 정규직",토패즈 경기도 화성,,"경력사항: 신입, 경력(연차무관) 학력사항: 학력무관 직무기술: C#, C, IOT, 자바, VB.NET, PYTHON, 개발자 [우대사항] 우대사항: 운전가능자 1 명 근무조건 고용형태: 정규직(수습기간2개월) 근무부서..."
https://kr.indeed.com/viewjob?jk=22880c1154a12433,"[각 분야별] Java, MySQL, Python 외 정규직",로제타텍 성남 중원구,,"지원자격 경력 신입·경력 학력 대학교졸업(4년) 성별 무관 기타 담당업무 [각 분야별] Java, MySQL, Python 외 정규직 채용 커리어 양식 지원 상세모집요강 접수기간/방법 시작일 2021.2.8 (월) 마감일..."
https://kr.indeed.com/viewjob?jk=52d863eb7e90b1af,[AI R&D] 플랫폼 개발 엔지니어 모집,엔씨소프트 2.7 성남 판교역,,"학사 이상 경력기간 : 3년 ~ 필수조건 # 필요 역량 (AI 관련 지식 역량은 필수는 아닙니다.) - Python, Java 등 하나 이상의 프로그래밍 언어에 대한 이해 및 개발 경력을 가지신 분 - RDBMS 또는..."
https://kr.indeed.com/viewjob?jk=bd5ce1a809ec610a,Modem QA Contractor,聯發科技 경기도 성남,,4. Good verbal and written communication skills in English 5. Prefer programing experience(C/JAVA/ Python #LI-NOPOST
https://kr.indeed.com/viewjob?jk=9e1861e691426a98,Field AI Engineer,Graphcore 서울,,"hardware acceleration technologies Experience with Python and C++... depth knowledge of computer architectures, high..."
https://kr.indeed.com/viewjob?jk=a6357089799f9975,Deep Learning R&D Engineer,Intel 4.1 서울,,"Caffe, and MxNet Strong programming skills with C/C++ and Python Experiences on programming and testing on Linux environment..."
https://kr.indeed.com/viewjob?jk=71b1f763acccd622,2021년 수시채용-R&D-머신러닝 및 응용소프트웨어개발,에스에프에이 경기도 화성,,"력자 -C++,C#(.NET), Python, Javascript 중 1... 영상처리-머신러닝-통계·수학 관련 분야 석사 학위 이상 졸업자 - Python, C++, C# 중 1개 이상 중급 수준 가능자 -일반지원자, 전문연..."
https://kr.indeed.com/viewjob?jk=7fdcd7a7457b1e93,데이터 분석,아프리카TV 경기도 성남,,"의 서비스 이용/소비형태/이상현상과 트렌드 변화가 궁금하신 분 - B2C서비스 데이터 분석 직군에서 데이터 핸들링 경험이 있으신 분 - SQL,Excel,R, Python 등을 이용하여 데이터 추출 또는 분석이 가능하신 분"
https://kr.indeed.com/viewjob?jk=6b86ea39985912b6,TOAST Cloud 사업기획/영업,NHN 4.4 성남 판교역,,"Linux, Microsoft Solutions 등) - 2년 이상의 개발 경험 (Java, Python 등) - 기술 문서 작성 및 가이드 경험이 풍부한 자 - 대외 고객 기술 지원 경험 공통지원자격..."
https://kr.indeed.com/viewjob?jk=15edcadd124ad99a,매칭 데이터분석,Nexon 성남 분당구,,"최적화 된 모델을 적용하고 평가합니다. 지원자격 [이런 경험을 가진 파티원을 찾습니다.] - SQL, Python 등의 언어를 통해 데이터를 가공한 경험이 있는 분을 찾습니다. - 문제에 적합한 머신러닝 모델을 선택하고..."
https://kr.indeed.com/viewjob?jk=5a299cf580491445,게임 데이터 분석가,쿡앱스 성남 분당구,,"데이터를 기반으로 한 커뮤니케이션 능력을 갖추신 분 수리적 직관 및 통찰력을 가지고 계신 분 우대사항 R, Python,Scala,SQL등의 툴을 이용한 데이터 분석 업무경험이 있으신 분 데이터 마이닝 및 머신러닝 관련 지식을..."
https://kr.indeed.com/viewjob?jk=4d79ac40f98338a1,데이터분석 솔루션 개발자 (python),비아이매트릭스 서울 강남구,,- 개발 경력 5년 이상 경력자 - python 능숙자 - java 가능자... 루션 개발자 ( python) 채용 모집부문 및 자격요건 모집분야 담당업무 자격요건 및 우대사항 데이터분석 솔루션 개발자 ( python) 채용 - 당사...
https://kr.indeed.com/viewjob?jk=c58d20943e9dce58,테크니컬 오디오 디자이너(Technical Audio Designer)...,엔씨소프트 2.7 성남 판교역,,"4 활용 능력 - Protools, Reaper 등의 DAW 활용 능력 - 스크립팅 언어 활용 능력 ( Python, Lua, R 등) - 커뮤니케이션 능력 우대사항 - Wwise 자격증 보유 (101, 201, 251..."
https://kr.indeed.com/viewjob?jk=8ad263934c940c8a,Senior Security Consultant,Amazon Web Services Korea LLC 서울,,"experience... security · Strong scripting skills, eg. Python, Node.js, Javascript, PowerShell, Bash, Ruby, Perl, etc..."
https://kr.indeed.com/viewjob?jk=5a349ecd72559c9f,시스템엔지니어 신입/경력 정규직,메에먼트 서울 강남구,"연봉 30,000,000원 - 35,000,000원","Virtual private cloud 를 통한 폐쇄망 구축 경험 *자동화 script ( bash, python, golang등) 개발운영 경험 우대사항 *다양한 트러블 슈팅 경험 (장애 프로파일링) *대용량 트래픽 분산처..."
https://kr.indeed.com/viewjob?jk=a4b72e38fb50bde0,콘텐츠서비스개발- 데이터엔지니어,Nexon 성남 분당구,,및 운영 - 서비스 자동화 업무 지원자격 - 경력제한 없음 - Python 또는 NodeJS를 활용한 시스템 개발 경험 - Linux 기반의... 론트엔드 및 웹 개발 경험 - Python 또는 Scala를 활용한 데이...
https://kr.indeed.com/viewjob?jk=0e675e6e150d8798,[라젠]2021년 지역주도형 일자리사업「4차 산업혁명 IT인력 일자리창출...,라젠 광주 화정동,,"경될수 있습니다. ※ 자세한 사항은 첨부된 파일을 확인하시기 바랍니다. [체크사항] 1.Java, C, Python 등 기본 언어 활용 2.정보처리기사 및 소프트웨어 관련 자격증 우대 접수마감일 채용시까지 고용형태 기간의..."
https://kr.indeed.com/viewjob?jk=8bcc7807085700a7,클라우드 오퍼레이션 엔지니어,NHN SOFT 4.4 성남 판교역,,"Linux, Windows Server 트러블 슈팅 숙련자 - 2년 이상의 개발 경험자(PHP, Python 등) - 아래 기술 분야중 1개 이상의 풍부한 지식 및 운영 경험 보유자 (ElasticSearch..."
https://kr.indeed.com/viewjob?jk=e7cc2dd53f8b03b7,빅데이터 분석(머신러닝/딥러닝) 컨설턴트 정규직,디앤아이컨설팅 서울 동대문구,,"석사학위자의 경우 2년 이상 경력자 ㆍ분석결과에 대한 명확한 의사소통 및 문서화 기술이 있으신 분 ㆍR, Python 등 언어를 활용한 데이터 정제, 분석, 모델링, 시각화 경험이 있으신 분 ㆍ데이터 기반 실험 및 모델을 실..."
